CustomerID,Name,Email,Gender,DOB,City
1001,John Doe,john.doe@gmail.com,Male,1990-05-12,New York
1002,Sara Khan,sara.khan@gmail.com,Female,1988-06-12,Mumbai
1003,,tom@outlook.com,Male,,San Francisco
1004,Anil Sharma,anil.sharma@yahoo.in,Male,1989-03-17,Bangalore
1005,Priya R,priya.r@hotmail.com,Female,1993-11-23,Delhi
1006,Amit Patel,amit123@gmail.com,Male,1992-08-19,Surat
1007,Meena Kumari,meena@rediffmail.com,Female,1995-04-10,Chennai
1008,Rajesh,rajesh@yahoo.com,Male,1990-01-01,Hyderabad
1009,Sophie,,Female,1991-02-02,Mumbai
1010,Ali Khan,ali.khan@aol.com,Male,,Lahore
1011,Ravi Kumar,ravi.k@inbox.com,Male,1988-05-25,Pune
1012,Anjali,,Female,1992-10-12,Jaipur
1013,Deepak,deepak@gmail.com,Male,1986-12-01,Indore
1014,Neha,,,1990-03-30,Lucknow
1015,Karan Singh,karan@yahoo.co.in,Male,1993-07-07,Delhi
